Number,Page,Section,Title,Status,URL,Error,HLS Source,Duration,Resolution,Load Time (ms)
1,"STORY","Fun Zone","Gabby Galactic Fire Cats Safety","PASS","https://go.kingdomlandkids.com/watch/1d091d78-7310-4fde-8f53-08a98beca74b?category=d2ade55c-36e4-4232-82af-bead98e52ccd&from=home","","https://d394daiw0g5hmq.cloudfront.net/videos/hls/1d091d78-7310-4fde-8f53-08a98beca74b/master.m3u8","646s","640x360",4958
2,"STORY","Fun Zone","Kembe Tries Playing","PASS","https://go.kingdomlandkids.com/watch/5b1e082f-97d0-4c7a-8541-bcfa36d034c6?category=d2ade55c-36e4-4232-82af-bead98e52ccd&from=home","","https://d394daiw0g5hmq.cloudfront.net/videos/hls/5b1e082f-97d0-4c7a-8541-bcfa36d034c6/master.m3u8","265s","640x360",2109
3,"STORY","Fun Zone","Unicatz Music Video","PASS","https://go.kingdomlandkids.com/watch/097b7f11-6a19-471f-9bf1-dcdc7ff159ae?category=d2ade55c-36e4-4232-82af-bead98e52ccd&from=home","","https://d394daiw0g5hmq.cloudfront.net/videos/hls/097b7f11-6a19-471f-9bf1-dcdc7ff159ae/master.m3u8","185s","640x360",2621
4,"STORY","Fun Zone","Unicatz Strut Your Stuff","PASS","https://go.kingdomlandkids.com/watch/4fc58548-9731-4f95-9b24-3f2c72daeac2?category=d2ade55c-36e4-4232-82af-bead98e52ccd&from=home","","https://d394daiw0g5hmq.cloudfront.net/videos/hls/4fc58548-9731-4f95-9b24-3f2c72daeac2/master.m3u8","525s","640x360",3177
5,"STORY","Fun Zone","Unicatz Homie Big Surprise","PASS","https://go.kingdomlandkids.com/watch/50875106-c0bb-437d-bac7-4329047aa784?category=d2ade55c-36e4-4232-82af-bead98e52ccd&from=home","","https://d394daiw0g5hmq.cloudfront.net/videos/hls/50875106-c0bb-437d-bac7-4329047aa784/master.m3u8","85s","640x360",2554
6,"STORY","Fun Zone","Unicatz Transformations","PASS","https://go.kingdomlandkids.com/watch/d991ff04-d635-4f78-b5c6-ceeb236d0020?category=d2ade55c-36e4-4232-82af-bead98e52ccd&from=home","","https://d394daiw0g5hmq.cloudfront.net/videos/hls/d991ff04-d635-4f78-b5c6-ceeb236d0020/master.m3u8","760s","640x360",2268
7,"STORY","Fun Zone","Black History Beats (BHB) Jackie Robinson","PASS","https://go.kingdomlandkids.com/watch/5ed8064b-e9d5-4e5b-bb86-bb795e2b1c7a?category=d2ade55c-36e4-4232-82af-bead98e52ccd&from=home","","https://d394daiw0g5hmq.cloudfront.net/videos/hls/5ed8064b-e9d5-4e5b-bb86-bb795e2b1c7a/master.m3u8","208s","640x360",2050
8,"STORY","Fun Zone","Black History Beats (BHB) Bessie Coleman","PASS","https://go.kingdomlandkids.com/watch/f61a23eb-c690-4283-9311-5e9a574e1be1?category=d2ade55c-36e4-4232-82af-bead98e52ccd&from=home","","https://d394daiw0g5hmq.cloudfront.net/videos/hls/f61a23eb-c690-4283-9311-5e9a574e1be1/master.m3u8","181s","640x360",2500
9,"STORY","Fun Zone","Black History Beats (BHB) MLK","PASS","https://go.kingdomlandkids.com/watch/58a6703a-fc50-46e9-b2b1-b36949a78246?category=d2ade55c-36e4-4232-82af-bead98e52ccd&from=home","","https://d394daiw0g5hmq.cloudfront.net/videos/hls/58a6703a-fc50-46e9-b2b1-b36949a78246/master.m3u8","162s","640x360",2353
10,"STORY","Fun Zone","12th Street","PASS","https://go.kingdomlandkids.com/watch/595946c3-d135-4359-b6e2-b16c9d047a2c?category=d2ade55c-36e4-4232-82af-bead98e52ccd&from=home","","https://d394daiw0g5hmq.cloudfront.net/videos/hls/595946c3-d135-4359-b6e2-b16c9d047a2c/master.m3u8","311s","640x360",3073
11,"STORY","Fun Zone","Unicatz Musical Chairs","PASS","https://go.kingdomlandkids.com/watch/991b8193-96e1-4c66-85be-7efc47d12836?category=d2ade55c-36e4-4232-82af-bead98e52ccd&from=home","","https://d394daiw0g5hmq.cloudfront.net/videos/hls/991b8193-96e1-4c66-85be-7efc47d12836/master.m3u8","149s","640x360",11574
12,"STORY","Fun Zone","Unicatz Learning is Fun","PASS","https://go.kingdomlandkids.com/watch/07d1e6f2-76b6-437d-b51f-08ed6332392c?category=d2ade55c-36e4-4232-82af-bead98e52ccd&from=home","","https://d394daiw0g5hmq.cloudfront.net/videos/hls/07d1e6f2-76b6-437d-b51f-08ed6332392c/master.m3u8","100s","640x360",12044
13,"STORY","Fun Zone","Gabby Action Short","PASS","https://go.kingdomlandkids.com/watch/4cf1046b-bcdf-4107-ac19-5cf499782419?category=d2ade55c-36e4-4232-82af-bead98e52ccd&from=home","","https://d394daiw0g5hmq.cloudfront.net/videos/hls/4cf1046b-bcdf-4107-ac19-5cf499782419/master.m3u8","134s","640x360",10714
14,"STORY","Fun Zone","Wake Up Kid","PASS","https://go.kingdomlandkids.com/watch/87bc81c7-fa6d-4f5a-9c49-4ef0e1cd5c88?category=d2ade55c-36e4-4232-82af-bead98e52ccd&from=home","","https://d394daiw0g5hmq.cloudfront.net/videos/hls/87bc81c7-fa6d-4f5a-9c49-4ef0e1cd5c88/master.m3u8","636s","640x360",12339
15,"STORY","Fun Zone","H3 Yoga 1","PASS","https://go.kingdomlandkids.com/watch/c43462a5-4e70-412e-aec6-5be27c9294ec?category=d2ade55c-36e4-4232-82af-bead98e52ccd&from=home","","https://d394daiw0g5hmq.cloudfront.net/videos/hls/c43462a5-4e70-412e-aec6-5be27c9294ec/master.m3u8","240s","640x360",10403
16,"STORY","Fun Zone","H3 Yoga 2","PASS","https://go.kingdomlandkids.com/watch/a9e12c6a-0f54-433e-9475-aff2f3fc425d?category=d2ade55c-36e4-4232-82af-bead98e52ccd&from=home","","https://d394daiw0g5hmq.cloudfront.net/videos/hls/a9e12c6a-0f54-433e-9475-aff2f3fc425d/master.m3u8","340s","640x360",10879
17,"STORY","Fun Zone","H3 Yoga 3","PASS","https://go.kingdomlandkids.com/watch/c7cbac55-00db-4e83-8b9b-37bbccb898f5?category=d2ade55c-36e4-4232-82af-bead98e52ccd&from=home","","https://d394daiw0g5hmq.cloudfront.net/videos/hls/c7cbac55-00db-4e83-8b9b-37bbccb898f5/master.m3u8","207s","640x360",11836
18,"STORY","Fun Zone","H3 Yoga 4","PASS","https://go.kingdomlandkids.com/watch/8f758903-51eb-4766-9862-7993e58141a3?category=d2ade55c-36e4-4232-82af-bead98e52ccd&from=home","","https://d394daiw0g5hmq.cloudfront.net/videos/hls/8f758903-51eb-4766-9862-7993e58141a3/master.m3u8","267s","640x360",10905
19,"STORY","Fun Zone","H3 Yoga 5","PASS","https://go.kingdomlandkids.com/watch/c128f883-fd2c-4f72-87ee-091ed6ff4d7f?category=d2ade55c-36e4-4232-82af-bead98e52ccd&from=home","","https://d394daiw0g5hmq.cloudfront.net/videos/hls/c128f883-fd2c-4f72-87ee-091ed6ff4d7f/master.m3u8","408s","640x360",10129
20,"STORY","Fun Zone","Kembe Sight Words Part 1","PASS","https://go.kingdomlandkids.com/watch/211fcc4c-d3da-4900-9a10-e02b21e00824?category=d2ade55c-36e4-4232-82af-bead98e52ccd&from=home","","https://d394daiw0g5hmq.cloudfront.net/videos/hls/211fcc4c-d3da-4900-9a10-e02b21e00824/master.m3u8","214s","640x360",11212
21,"STORY","Fun Zone","Kembe Sight Words Part 2","PASS","https://go.kingdomlandkids.com/watch/6e33429c-f079-4e86-bd8d-af6a97e8be3a?category=d2ade55c-36e4-4232-82af-bead98e52ccd&from=home","","https://d394daiw0g5hmq.cloudfront.net/videos/hls/6e33429c-f079-4e86-bd8d-af6a97e8be3a/master.m3u8","225s","640x360",16408
22,"STORY","Fun Zone","Kembe Sight Words Part 3","PASS","https://go.kingdomlandkids.com/watch/4d3b7355-6d2d-4535-bbca-4c73a66f81de?category=d2ade55c-36e4-4232-82af-bead98e52ccd&from=home","","https://d394daiw0g5hmq.cloudfront.net/videos/hls/4d3b7355-6d2d-4535-bbca-4c73a66f81de/master.m3u8","291s","640x360",16221
23,"STORY","Fun Zone","Kembe Comparing Sizes","PASS","https://go.kingdomlandkids.com/watch/597b370a-d70f-46cf-a882-4fc0a930f265?category=d2ade55c-36e4-4232-82af-bead98e52ccd&from=home","","https://d394daiw0g5hmq.cloudfront.net/videos/hls/597b370a-d70f-46cf-a882-4fc0a930f265/master.m3u8","167s","640x360",16457
24,"STORY","Fun Zone","Kembe How Money Works","PASS","https://go.kingdomlandkids.com/watch/aabd881e-f155-437a-9bfc-13bf9ba489cd?category=d2ade55c-36e4-4232-82af-bead98e52ccd&from=home","","https://d394daiw0g5hmq.cloudfront.net/videos/hls/aabd881e-f155-437a-9bfc-13bf9ba489cd/master.m3u8","175s","640x360",15927
25,"STORY","Fun Zone","Kembe Water Cycles","PASS","https://go.kingdomlandkids.com/watch/d88966cc-8a4c-4eb9-89ac-a81215700b36?category=d2ade55c-36e4-4232-82af-bead98e52ccd&from=home","","https://d394daiw0g5hmq.cloudfront.net/videos/hls/d88966cc-8a4c-4eb9-89ac-a81215700b36/master.m3u8","104s","640x360",16666
26,"STORY","Fun Zone","12th Street Counting by 2s and 3s","PASS","https://go.kingdomlandkids.com/watch/9573c0a3-55c0-43f5-95a0-98817502ac0f?category=d2ade55c-36e4-4232-82af-bead98e52ccd&from=home","","https://d394daiw0g5hmq.cloudfront.net/videos/hls/9573c0a3-55c0-43f5-95a0-98817502ac0f/master.m3u8","186s","640x360",15976
27,"STORY","Fun Zone","12th Street Counting By 2s","PASS","https://go.kingdomlandkids.com/watch/edae9ec4-18f4-47a4-9b65-467e10e14f28?category=d2ade55c-36e4-4232-82af-bead98e52ccd&from=home","","https://d394daiw0g5hmq.cloudfront.net/videos/hls/edae9ec4-18f4-47a4-9b65-467e10e14f28/master.m3u8","114s","640x360",15919
28,"STORY","Fun Zone","12th Street Counting By 3s","PASS","https://go.kingdomlandkids.com/watch/7e2fdf38-be4b-43f9-9764-dac6c88b7761?category=d2ade55c-36e4-4232-82af-bead98e52ccd&from=home","","https://d394daiw0g5hmq.cloudfront.net/videos/hls/7e2fdf38-be4b-43f9-9764-dac6c88b7761/master.m3u8","107s","640x360",16193
29,"STORY","Fun Zone","Gabby Globber (GG) Planets","PASS","https://go.kingdomlandkids.com/watch/2fa58b4d-d8bb-440f-977e-4966b437fbe0?category=d2ade55c-36e4-4232-82af-bead98e52ccd&from=home","","https://d394daiw0g5hmq.cloudfront.net/videos/hls/2fa58b4d-d8bb-440f-977e-4966b437fbe0/master.m3u8","333s","640x360",16832
30,"STORY","Marvelous Light Series","Marvelous Light Episode 1 Moses Part 1","PASS","https://go.kingdomlandkids.com/watch/1d0ec518-70f3-4c8b-b389-26545945675b?category=7131cf32-14d8-4fe0-bca5-8b013567ac80&from=home","","https://d394daiw0g5hmq.cloudfront.net/videos/hls/1d0ec518-70f3-4c8b-b389-26545945675b/master.m3u8","658s","640x360",2401
31,"STORY","Marvelous Light Series","Marvelous Light Episode 2 Moses Part 2","PASS","https://go.kingdomlandkids.com/watch/187d2637-f389-440f-bdbf-b8082681729a?category=7131cf32-14d8-4fe0-bca5-8b013567ac80&from=home","","https://d394daiw0g5hmq.cloudfront.net/videos/hls/187d2637-f389-440f-bdbf-b8082681729a/master.m3u8","625s","640x360",1999
32,"STORY","Marvelous Light Series","Grandpa Moses","PASS","https://go.kingdomlandkids.com/watch/fbaf7c54-b693-4a83-8f60-a55a1f5f42e5?category=7131cf32-14d8-4fe0-bca5-8b013567ac80&from=home","","https://d394daiw0g5hmq.cloudfront.net/videos/hls/fbaf7c54-b693-4a83-8f60-a55a1f5f42e5/master.m3u8","77s","640x360",2059
33,"STORY","Marvelous Light Series","Marvelous Light Episode 3 David Vs Goliath Part 1","PASS","https://go.kingdomlandkids.com/watch/f436884d-488e-4e9a-9316-26c81cda9f96?category=7131cf32-14d8-4fe0-bca5-8b013567ac80&from=home","","https://d394daiw0g5hmq.cloudfront.net/videos/hls/f436884d-488e-4e9a-9316-26c81cda9f96/master.m3u8","472s","640x360",2837
34,"STORY","Marvelous Light Series","Marvelous Light Episode 4 David Vs Goliath Part 2","PASS","https://go.kingdomlandkids.com/watch/996b762c-9869-4614-85ed-41464b315fdc?category=7131cf32-14d8-4fe0-bca5-8b013567ac80&from=home","","https://d394daiw0g5hmq.cloudfront.net/videos/hls/996b762c-9869-4614-85ed-41464b315fdc/master.m3u8","408s","640x360",2067
35,"STORY","Marvelous Light Series","Grandpa David","PASS","https://go.kingdomlandkids.com/watch/b2367430-3e5c-402c-84ea-9a9b8c8a2efa?category=7131cf32-14d8-4fe0-bca5-8b013567ac80&from=home","","https://d394daiw0g5hmq.cloudfront.net/videos/hls/b2367430-3e5c-402c-84ea-9a9b8c8a2efa/master.m3u8","74s","640x360",1969
36,"STORY","Marvelous Light Series","Marvelous Light Episode 5 Three Hebrew Boys","PASS","https://go.kingdomlandkids.com/watch/d31a737b-5e14-48a6-b108-3b9956d4f0d7?category=7131cf32-14d8-4fe0-bca5-8b013567ac80&from=home","","https://d394daiw0g5hmq.cloudfront.net/videos/hls/d31a737b-5e14-48a6-b108-3b9956d4f0d7/master.m3u8","135s","640x360",2046
37,"STORY","Marvelous Light Series","Grandpa Hebrew Brothers","PASS","https://go.kingdomlandkids.com/watch/a267a5c5-93d7-49c2-972b-fb426033a521?category=7131cf32-14d8-4fe0-bca5-8b013567ac80&from=home","","https://d394daiw0g5hmq.cloudfront.net/videos/hls/a267a5c5-93d7-49c2-972b-fb426033a521/master.m3u8","135s","640x360",2347
38,"STORY","Marvelous Light Series","Marvelous Light Christmas Episode","PASS","https://go.kingdomlandkids.com/watch/bc901b64-febc-4ace-af92-6f419cab026f?category=7131cf32-14d8-4fe0-bca5-8b013567ac80&from=home","","https://d394daiw0g5hmq.cloudfront.net/videos/hls/bc901b64-febc-4ace-af92-6f419cab026f/master.m3u8","302s","640x360",2516
39,"STORY","Marvelous Light Series","Marvelous Light Episode 6 Noah Part 1","PASS","https://go.kingdomlandkids.com/watch/11ad7290-a7b1-465e-bc1a-18eff346fc28?category=7131cf32-14d8-4fe0-bca5-8b013567ac80&from=home","","https://d394daiw0g5hmq.cloudfront.net/videos/hls/11ad7290-a7b1-465e-bc1a-18eff346fc28/master.m3u8","395s","640x360",3019
40,"STORY","Marvelous Light Series","Marvelous Light Episode 7 Noah Part 2","PASS","https://go.kingdomlandkids.com/watch/739479bc-ba0e-4c88-9915-bb85961e53a1?category=7131cf32-14d8-4fe0-bca5-8b013567ac80&from=home","","https://d394daiw0g5hmq.cloudfront.net/videos/hls/739479bc-ba0e-4c88-9915-bb85961e53a1/master.m3u8","349s","640x360",10938
41,"STORY","Marvelous Light Series","Grandpa 10 Commandments","PASS","https://go.kingdomlandkids.com/watch/2cb183fc-ce48-4244-9fa0-18a7e2e139ca?category=7131cf32-14d8-4fe0-bca5-8b013567ac80&from=home","","https://d394daiw0g5hmq.cloudfront.net/videos/hls/2cb183fc-ce48-4244-9fa0-18a7e2e139ca/master.m3u8","118s","640x360",10396
42,"STORY","Marvelous Light Series","Marvelous Light Episode 8 Meet Jesus Part 1","PASS","https://go.kingdomlandkids.com/watch/b57d0b33-1699-4a8e-9deb-add4d2ecf120?category=7131cf32-14d8-4fe0-bca5-8b013567ac80&from=home","","https://d394daiw0g5hmq.cloudfront.net/videos/hls/b57d0b33-1699-4a8e-9deb-add4d2ecf120/master.m3u8","443s","640x360",11223
43,"STORY","Marvelous Light Series","Marvelous Light Episode 9 Meet Jesus Part 2","PASS","https://go.kingdomlandkids.com/watch/be3ee1b4-02e4-4f36-80d5-2cf4ebfe587d?category=7131cf32-14d8-4fe0-bca5-8b013567ac80&from=home","","https://d394daiw0g5hmq.cloudfront.net/videos/hls/be3ee1b4-02e4-4f36-80d5-2cf4ebfe587d/master.m3u8","371s","640x360",11128
44,"STORY","Marvelous Light Series","Marvelous Light Easter Episode","PASS","https://go.kingdomlandkids.com/watch/8fdb17dc-2ad5-42fd-af0d-592f7c4cb14d?category=7131cf32-14d8-4fe0-bca5-8b013567ac80&from=home","","https://d394daiw0g5hmq.cloudfront.net/videos/hls/8fdb17dc-2ad5-42fd-af0d-592f7c4cb14d/master.m3u8","676s","640x360",11830
45,"STORY","Marvelous Light Series","Jonah and the Whale | S2 EP11","PASS","https://go.kingdomlandkids.com/watch/a16895cd-d0a5-430e-ab2b-95f4b014d55c?category=7131cf32-14d8-4fe0-bca5-8b013567ac80&from=home","","https://d394daiw0g5hmq.cloudfront.net/videos/hls/a16895cd-d0a5-430e-ab2b-95f4b014d55c/master.m3u8","407s","640x360",11617
46,"STORY","Marvelous Light Series","Jonah and the Whale | S2 EP12","PASS","https://go.kingdomlandkids.com/watch/d12ae97b-1174-4517-8571-28d92c4318bd?category=7131cf32-14d8-4fe0-bca5-8b013567ac80&from=home","","https://d394daiw0g5hmq.cloudfront.net/videos/hls/d12ae97b-1174-4517-8571-28d92c4318bd/master.m3u8","512s","640x360",12745
47,"STORY","Marvelous Light Series","Daniel and The Lions Den | S2 EP13","PASS","https://go.kingdomlandkids.com/watch/9613f537-ebb1-41a0-b98b-2bc2b3700a9e?category=7131cf32-14d8-4fe0-bca5-8b013567ac80&from=home","","https://d394daiw0g5hmq.cloudfront.net/videos/hls/9613f537-ebb1-41a0-b98b-2bc2b3700a9e/master.m3u8","487s","640x360",11818
48,"STORY","Marvelous Light Series","Daniel and The Lions Den | S2 EP14","PASS","https://go.kingdomlandkids.com/watch/2734beba-d3b4-4a5c-afdf-b3785d105269?category=7131cf32-14d8-4fe0-bca5-8b013567ac80&from=home","","https://d394daiw0g5hmq.cloudfront.net/videos/hls/2734beba-d3b4-4a5c-afdf-b3785d105269/master.m3u8","434s","640x360",12654
49,"STORY","Marvelous Light Series","Creation | S2 EP15","PASS","https://go.kingdomlandkids.com/watch/1f34576d-c7af-4cae-b9be-258d97aa4c91?category=7131cf32-14d8-4fe0-bca5-8b013567ac80&from=home","","https://d394daiw0g5hmq.cloudfront.net/videos/hls/1f34576d-c7af-4cae-b9be-258d97aa4c91/master.m3u8","435s","640x360",10703
50,"STORY","Marvelous Light Series","Adam and Eve | S2 EP16","PASS","https://go.kingdomlandkids.com/watch/947510c6-4115-4719-9c12-0fb244d39e3a?category=7131cf32-14d8-4fe0-bca5-8b013567ac80&from=home","","https://d394daiw0g5hmq.cloudfront.net/videos/hls/947510c6-4115-4719-9c12-0fb244d39e3a/master.m3u8","501s","640x360",16947
51,"STORY","Marvelous Light Series","Zachaus | S2 EP17","PASS","https://go.kingdomlandkids.com/watch/bb3ff059-4e31-4895-85a6-e5808e87067c?category=7131cf32-14d8-4fe0-bca5-8b013567ac80&from=home","","https://d394daiw0g5hmq.cloudfront.net/videos/hls/bb3ff059-4e31-4895-85a6-e5808e87067c/master.m3u8","604s","640x360",16371
52,"STORY","Marvelous Light Series","Paul and Saul | S2 EP19","PASS","https://go.kingdomlandkids.com/watch/1760b966-7558-45c3-89bd-8826a716f0ed?category=7131cf32-14d8-4fe0-bca5-8b013567ac80&from=home","","https://d394daiw0g5hmq.cloudfront.net/videos/hls/1760b966-7558-45c3-89bd-8826a716f0ed/master.m3u8","451s","640x360",16598
53,"STORY","Marvelous Light Series","Paul and Saul | S2 EP20","PASS","https://go.kingdomlandkids.com/watch/d0fda75a-c46e-4145-a42b-5f3c4f6b3cdb?category=7131cf32-14d8-4fe0-bca5-8b013567ac80&from=home","","https://d394daiw0g5hmq.cloudfront.net/videos/hls/d0fda75a-c46e-4145-a42b-5f3c4f6b3cdb/master.m3u8","353s","640x360",15970
54,"STORY","Marvelous Light Series","A Rotten Day: Finding Joy in God","PASS","https://go.kingdomlandkids.com/watch/5e7991d1-56fe-47c7-a610-44d1bdd9b713?category=7131cf32-14d8-4fe0-bca5-8b013567ac80&from=home","","https://d394daiw0g5hmq.cloudfront.net/videos/hls/5e7991d1-56fe-47c7-a610-44d1bdd9b713/master.m3u8","184s","640x360",16346
55,"STORY","Bible Adventures","Easter","PASS","https://go.kingdomlandkids.com/watch/2b676607-574f-4997-80b5-596d6ef7f9d0?category=eaf34a3d-d9e2-4b24-b86a-e0edeb08ac44&from=home","","https://d394daiw0g5hmq.cloudfront.net/videos/hls/2b676607-574f-4997-80b5-596d6ef7f9d0/master.m3u8","182s","640x360",2255
56,"STORY","Bible Adventures","Jesus Miracles","PASS","https://go.kingdomlandkids.com/watch/4303868d-a9c9-40fd-a25c-0892aab1a499?category=eaf34a3d-d9e2-4b24-b86a-e0edeb08ac44&from=home","","https://d394daiw0g5hmq.cloudfront.net/videos/hls/4303868d-a9c9-40fd-a25c-0892aab1a499/master.m3u8","150s","640x360",2074
57,"STORY","Bible Adventures","John the Baptist","PASS","https://go.kingdomlandkids.com/watch/7ed33ba6-5891-4525-95f6-8ef791f89c46?category=eaf34a3d-d9e2-4b24-b86a-e0edeb08ac44&from=home","","https://d394daiw0g5hmq.cloudfront.net/videos/hls/7ed33ba6-5891-4525-95f6-8ef791f89c46/master.m3u8","258s","640x360",2781
58,"STORY","Bible Adventures","Noah","PASS","https://go.kingdomlandkids.com/watch/72c7e315-206d-4443-a4fb-ec171f5e3824?category=eaf34a3d-d9e2-4b24-b86a-e0edeb08ac44&from=home","","https://d394daiw0g5hmq.cloudfront.net/videos/hls/72c7e315-206d-4443-a4fb-ec171f5e3824/master.m3u8","158s","640x360",2756
59,"STORY","Bible Adventures","Moses","PASS","https://go.kingdomlandkids.com/watch/1d3177fe-7046-4d74-ba2c-edc330f2b313?category=eaf34a3d-d9e2-4b24-b86a-e0edeb08ac44&from=home","","https://d394daiw0g5hmq.cloudfront.net/videos/hls/1d3177fe-7046-4d74-ba2c-edc330f2b313/master.m3u8","224s","640x360",2273
60,"STORY","Bible Adventures","Great God","PASS","https://go.kingdomlandkids.com/watch/b5133472-fdbb-456c-ae42-b13b1fd54f84?category=eaf34a3d-d9e2-4b24-b86a-e0edeb08ac44&from=home","","https://d394daiw0g5hmq.cloudfront.net/videos/hls/b5133472-fdbb-456c-ae42-b13b1fd54f84/master.m3u8","217s","640x360",1979
61,"STORY","Bible Adventures","In His Hand","PASS","https://go.kingdomlandkids.com/watch/1430c542-bb99-4b58-99e7-128b1030fb06?category=eaf34a3d-d9e2-4b24-b86a-e0edeb08ac44&from=home","","https://d394daiw0g5hmq.cloudfront.net/videos/hls/1430c542-bb99-4b58-99e7-128b1030fb06/master.m3u8","108s","640x360",2568
62,"STORY","Bible Adventures","Introduction Bible Fruits of Virtue","PASS","https://go.kingdomlandkids.com/watch/49123b8f-66c7-4555-a2a9-2e9ee20f9c33?category=eaf34a3d-d9e2-4b24-b86a-e0edeb08ac44&from=home","","https://d394daiw0g5hmq.cloudfront.net/videos/hls/49123b8f-66c7-4555-a2a9-2e9ee20f9c33/master.m3u8","141s","640x360",2026
63,"STORY","Bible Adventures","Gentleness","PASS","https://go.kingdomlandkids.com/watch/67b07475-78a7-4515-a23a-bd39e36b3235?category=eaf34a3d-d9e2-4b24-b86a-e0edeb08ac44&from=home","","https://d394daiw0g5hmq.cloudfront.net/videos/hls/67b07475-78a7-4515-a23a-bd39e36b3235/master.m3u8","121s","640x360",2780
64,"STORY","Bible Adventures","Goodness","PASS","https://go.kingdomlandkids.com/watch/64e95279-c998-41d5-9488-b95fca9d672b?category=eaf34a3d-d9e2-4b24-b86a-e0edeb08ac44&from=home","","https://d394daiw0g5hmq.cloudfront.net/videos/hls/64e95279-c998-41d5-9488-b95fca9d672b/master.m3u8","115s","640x360",2047
65,"STORY","Bible Adventures","Faithfulness","PASS","https://go.kingdomlandkids.com/watch/fee8eb1b-ec50-48e9-9b12-5cafb197a3a9?category=eaf34a3d-d9e2-4b24-b86a-e0edeb08ac44&from=home","","https://d394daiw0g5hmq.cloudfront.net/videos/hls/fee8eb1b-ec50-48e9-9b12-5cafb197a3a9/master.m3u8","137s","640x360",11742
66,"STORY","Bible Adventures","Love","PASS","https://go.kingdomlandkids.com/watch/08c3a441-b389-4590-8e3d-588dcc363a70?category=eaf34a3d-d9e2-4b24-b86a-e0edeb08ac44&from=home","","https://d394daiw0g5hmq.cloudfront.net/videos/hls/08c3a441-b389-4590-8e3d-588dcc363a70/master.m3u8","169s","640x360",12321
67,"STORY","ABC","Alphabots OO Song","PASS","https://go.kingdomlandkids.com/watch/b8b902af-41c4-44f4-b75d-2edd354d5e62?category=2d170e57-2540-458f-8968-de5ac7638563&from=home","","https://d394daiw0g5hmq.cloudfront.net/videos/hls/b8b902af-41c4-44f4-b75d-2edd354d5e62/master.m3u8","115s","640x360",2238
68,"STORY","ABC","Alien In My House","PASS","https://go.kingdomlandkids.com/watch/fff66fea-6510-4391-89a0-ff3af6ecbfc0?category=2d170e57-2540-458f-8968-de5ac7638563&from=home","","https://d394daiw0g5hmq.cloudfront.net/videos/hls/fff66fea-6510-4391-89a0-ff3af6ecbfc0/master.m3u8","95s","640x360",2078
69,"STORY","ABC","Auntie Bois Gift Motion Book","PASS","https://go.kingdomlandkids.com/watch/3820a4b0-b2de-42de-9614-6719fba36287?category=2d170e57-2540-458f-8968-de5ac7638563&from=home","","https://d394daiw0g5hmq.cloudfront.net/videos/hls/3820a4b0-b2de-42de-9614-6719fba36287/master.m3u8","174s","640x360",2015
70,"STORY","ABC","Brave Bora Motion Book","PASS","https://go.kingdomlandkids.com/watch/adea5180-0077-4b6f-90f7-fe53ce334710?category=2d170e57-2540-458f-8968-de5ac7638563&from=home","","https://d394daiw0g5hmq.cloudfront.net/videos/hls/adea5180-0077-4b6f-90f7-fe53ce334710/master.m3u8","113s","640x360",2321
71,"STORY","ABC","Great Tidy up","PASS","https://go.kingdomlandkids.com/watch/f0c9560b-17d8-45a5-a87b-1b89082f9705?category=2d170e57-2540-458f-8968-de5ac7638563&from=home","","https://d394daiw0g5hmq.cloudfront.net/videos/hls/f0c9560b-17d8-45a5-a87b-1b89082f9705/master.m3u8","101s","640x360",2477
72,"STORY","ABC","Lost in the Internet","PASS","https://go.kingdomlandkids.com/watch/cc438094-dbd9-48e5-a966-d901f9f49b13?category=2d170e57-2540-458f-8968-de5ac7638563&from=home","","https://d394daiw0g5hmq.cloudfront.net/videos/hls/cc438094-dbd9-48e5-a966-d901f9f49b13/master.m3u8","379s","640x360",2016
73,"STORY","ABC","Meera and Ameera","PASS","https://go.kingdomlandkids.com/watch/91b9c45f-1472-4794-a534-14ccda5d750f?category=2d170e57-2540-458f-8968-de5ac7638563&from=home","","https://d394daiw0g5hmq.cloudfront.net/videos/hls/91b9c45f-1472-4794-a534-14ccda5d750f/master.m3u8","127s","640x360",2235
74,"STORY","ABC","AlphaBots Letter A","PASS","https://go.kingdomlandkids.com/watch/3f8139b3-f895-4228-98ac-be010862d8ab?category=2d170e57-2540-458f-8968-de5ac7638563&from=home","","https://d394daiw0g5hmq.cloudfront.net/videos/hls/3f8139b3-f895-4228-98ac-be010862d8ab/master.m3u8","173s","640x360",2055
75,"STORY","ABC","AlphaBots Letter B","PASS","https://go.kingdomlandkids.com/watch/5e64fb0f-97d7-4b95-98f6-7fea53e33dfd?category=2d170e57-2540-458f-8968-de5ac7638563&from=home","","https://d394daiw0g5hmq.cloudfront.net/videos/hls/5e64fb0f-97d7-4b95-98f6-7fea53e33dfd/master.m3u8","189s","640x360",2484
76,"STORY","ABC","Alphabots Letter C","PASS","https://go.kingdomlandkids.com/watch/dbb4afee-fe54-4c86-b571-27675b27e4e8?category=2d170e57-2540-458f-8968-de5ac7638563&from=home","","https://d394daiw0g5hmq.cloudfront.net/videos/hls/dbb4afee-fe54-4c86-b571-27675b27e4e8/master.m3u8","189s","640x360",2036
77,"STORY","ABC","Chiu's Power Read-Along | ABCs | KingdomLand","PASS","https://go.kingdomlandkids.com/watch/899e5572-e6df-4dcd-8263-ceca77877975?category=2d170e57-2540-458f-8968-de5ac7638563&from=home","","https://d394daiw0g5hmq.cloudfront.net/videos/hls/899e5572-e6df-4dcd-8263-ceca77877975/master.m3u8","125s","640x360",12328
78,"STORY","ABC","Malar's Big House Read-Along","PASS","https://go.kingdomlandkids.com/watch/6884d622-637e-4168-a1a0-c6d2c02aad06?category=2d170e57-2540-458f-8968-de5ac7638563&from=home","","https://d394daiw0g5hmq.cloudfront.net/videos/hls/6884d622-637e-4168-a1a0-c6d2c02aad06/master.m3u8","105s","640x360",12744
79,"STORY","ABC","MFT ABC Song","PASS","https://go.kingdomlandkids.com/watch/9ae01ae1-ec60-4b68-8237-1b8484837d7f?category=2d170e57-2540-458f-8968-de5ac7638563&from=home","","https://d394daiw0g5hmq.cloudfront.net/videos/hls/9ae01ae1-ec60-4b68-8237-1b8484837d7f/master.m3u8","204s","640x360",10385
80,"STORY","ABC","AlphaBots the Alphabet Part 1","PASS","https://go.kingdomlandkids.com/watch/e9635d39-19b0-42db-9be6-11bc1defd3ed?category=2d170e57-2540-458f-8968-de5ac7638563&from=home","","https://d394daiw0g5hmq.cloudfront.net/videos/hls/e9635d39-19b0-42db-9be6-11bc1defd3ed/master.m3u8","157s","640x360",12679
81,"STORY","ABC","AlphaBots the Alphabet Part 2","PASS","https://go.kingdomlandkids.com/watch/8650e80f-132c-4cd1-a562-9317a91a05c0?category=2d170e57-2540-458f-8968-de5ac7638563&from=home","","https://d394daiw0g5hmq.cloudfront.net/videos/hls/8650e80f-132c-4cd1-a562-9317a91a05c0/master.m3u8","205s","640x360",9601
82,"STORY","ABC","H3 ABC","PASS","https://go.kingdomlandkids.com/watch/409f00e2-5336-4ec8-8b9e-e8fef82cfdef?category=2d170e57-2540-458f-8968-de5ac7638563&from=home","","https://d394daiw0g5hmq.cloudfront.net/videos/hls/409f00e2-5336-4ec8-8b9e-e8fef82cfdef/master.m3u8","109s","640x360",9928
83,"STORY","ABC","Disagreement of Occupations | ABCs","PASS","https://go.kingdomlandkids.com/watch/a4e15e08-63a5-4021-b2fe-dc6a01ffd3cd?category=2d170e57-2540-458f-8968-de5ac7638563&from=home","","https://d394daiw0g5hmq.cloudfront.net/videos/hls/a4e15e08-63a5-4021-b2fe-dc6a01ffd3cd/master.m3u8","76s","640x360",12854
84,"STORY","ABC","Unicatz Alphabet Song","PASS","https://go.kingdomlandkids.com/watch/866ae349-9baf-4757-aa17-39247e8a4222?category=2d170e57-2540-458f-8968-de5ac7638563&from=home","","https://d394daiw0g5hmq.cloudfront.net/videos/hls/866ae349-9baf-4757-aa17-39247e8a4222/master.m3u8","95s","640x360",12146
85,"STORY","ABC","H3 5 Vowels","PASS","https://go.kingdomlandkids.com/watch/c3e380b8-57ea-4094-b312-7186b4182477?category=2d170e57-2540-458f-8968-de5ac7638563&from=home","","https://d394daiw0g5hmq.cloudfront.net/videos/hls/c3e380b8-57ea-4094-b312-7186b4182477/master.m3u8","160s","640x360",12619
86,"STORY","Numbers","5 Monkeys Lyric Video","PASS","https://go.kingdomlandkids.com/watch/972c77e5-9877-42f7-bce4-702e50fe391a?category=e6c7a3ea-823c-4c67-ba7f-52e9ae413d8f&from=home","","https://d394daiw0g5hmq.cloudfront.net/videos/hls/972c77e5-9877-42f7-bce4-702e50fe391a/master.m3u8","116s","640x360",1980
87,"STORY","Numbers","Adding Mixed Numbers","PASS","https://go.kingdomlandkids.com/watch/33496e0c-01f3-4b8e-9a09-b3da2c8ac0c5?category=e6c7a3ea-823c-4c67-ba7f-52e9ae413d8f&from=home","","https://d394daiw0g5hmq.cloudfront.net/videos/hls/33496e0c-01f3-4b8e-9a09-b3da2c8ac0c5/master.m3u8","36s","640x360",2003
88,"STORY","Numbers","Algebraic Thinking","PASS","https://go.kingdomlandkids.com/watch/3b529378-7a47-47da-a3c5-4c21042ddce4?category=e6c7a3ea-823c-4c67-ba7f-52e9ae413d8f&from=home","","https://d394daiw0g5hmq.cloudfront.net/videos/hls/3b529378-7a47-47da-a3c5-4c21042ddce4/master.m3u8","47s","640x360",2341
89,"STORY","Numbers","Comparing Fractions","PASS","https://go.kingdomlandkids.com/watch/7fd6c669-0c47-454e-ba56-d33e411ce106?category=e6c7a3ea-823c-4c67-ba7f-52e9ae413d8f&from=home","","https://d394daiw0g5hmq.cloudfront.net/videos/hls/7fd6c669-0c47-454e-ba56-d33e411ce106/master.m3u8","46s","640x360",2035
90,"STORY","Numbers","Computation and Algebraic Thinking","PASS","https://go.kingdomlandkids.com/watch/561d091b-276e-4784-aea7-f34632681697?category=e6c7a3ea-823c-4c67-ba7f-52e9ae413d8f&from=home","","https://d394daiw0g5hmq.cloudfront.net/videos/hls/561d091b-276e-4784-aea7-f34632681697/master.m3u8","63s","640x360",2088
91,"STORY","Numbers","Math With Money","PASS","https://go.kingdomlandkids.com/watch/782ad9b1-5cd5-42cc-b8c5-3c28b3077726?category=e6c7a3ea-823c-4c67-ba7f-52e9ae413d8f&from=home","","https://d394daiw0g5hmq.cloudfront.net/videos/hls/782ad9b1-5cd5-42cc-b8c5-3c28b3077726/master.m3u8","52s","640x360",2525
92,"STORY","Numbers","Measure Area and Volume","PASS","https://go.kingdomlandkids.com/watch/bf0b3073-9b1c-4317-8514-f8ca826fb4b7?category=e6c7a3ea-823c-4c67-ba7f-52e9ae413d8f&from=home","","https://d394daiw0g5hmq.cloudfront.net/videos/hls/bf0b3073-9b1c-4317-8514-f8ca826fb4b7/master.m3u8","43s","640x360",2170
93,"STORY","Numbers","Modeling Multiplication","PASS","https://go.kingdomlandkids.com/watch/6e74aba2-2133-4d87-bf4d-8cdd991ec27b?category=e6c7a3ea-823c-4c67-ba7f-52e9ae413d8f&from=home","","https://d394daiw0g5hmq.cloudfront.net/videos/hls/6e74aba2-2133-4d87-bf4d-8cdd991ec27b/master.m3u8","33s","640x360",2298
94,"STORY","Numbers","Number Lines","PASS","https://go.kingdomlandkids.com/watch/2e3eadcc-ae4b-42b7-ae54-9aec7ff550f7?category=e6c7a3ea-823c-4c67-ba7f-52e9ae413d8f&from=home","","https://d394daiw0g5hmq.cloudfront.net/videos/hls/2e3eadcc-ae4b-42b7-ae54-9aec7ff550f7/master.m3u8","73s","640x360",2550
95,"STORY","Numbers","Number Sense","PASS","https://go.kingdomlandkids.com/watch/c16a1a0f-2c9e-46f5-a966-e80f3cd76410?category=e6c7a3ea-823c-4c67-ba7f-52e9ae413d8f&from=home","","https://d394daiw0g5hmq.cloudfront.net/videos/hls/c16a1a0f-2c9e-46f5-a966-e80f3cd76410/master.m3u8","72s","640x360",1985
96,"STORY","Numbers","H3 Colors and Numbers","PASS","https://go.kingdomlandkids.com/watch/94b300e1-d14a-47dc-87f0-f022ed6476bc?category=e6c7a3ea-823c-4c67-ba7f-52e9ae413d8f&from=home","","https://d394daiw0g5hmq.cloudfront.net/videos/hls/94b300e1-d14a-47dc-87f0-f022ed6476bc/master.m3u8","124s","640x360",11756
97,"STORY","Numbers","H3 Count it Up","PASS","https://go.kingdomlandkids.com/watch/7108df62-4c23-4990-b2ef-57ddd709371b?category=e6c7a3ea-823c-4c67-ba7f-52e9ae413d8f&from=home","","https://d394daiw0g5hmq.cloudfront.net/videos/hls/7108df62-4c23-4990-b2ef-57ddd709371b/master.m3u8","164s","640x360",12272
98,"STORY","Numbers","Gabby Globber (GG) Counts by 5s","PASS","https://go.kingdomlandkids.com/watch/c87012b5-2144-4493-ae0c-6adfb46b4957?category=e6c7a3ea-823c-4c67-ba7f-52e9ae413d8f&from=home","","https://d394daiw0g5hmq.cloudfront.net/videos/hls/c87012b5-2144-4493-ae0c-6adfb46b4957/master.m3u8","134s","640x360",12285
99,"STORY","Numbers","Gabby Globber (GG) Counts by 10s","PASS","https://go.kingdomlandkids.com/watch/75a48dfd-1d3a-4d4a-ac6a-f708d82d8fcc?category=e6c7a3ea-823c-4c67-ba7f-52e9ae413d8f&from=home","","https://d394daiw0g5hmq.cloudfront.net/videos/hls/75a48dfd-1d3a-4d4a-ac6a-f708d82d8fcc/master.m3u8","213s","640x360",12339
100,"STORY","Numbers","Gabby Globber (GG) Counting by 5s and 10s","PASS","https://go.kingdomlandkids.com/watch/f6a510dd-d13f-45d5-a85b-56b8f7873e50?category=e6c7a3ea-823c-4c67-ba7f-52e9ae413d8f&from=home","","https://d394daiw0g5hmq.cloudfront.net/videos/hls/f6a510dd-d13f-45d5-a85b-56b8f7873e50/master.m3u8","204s","640x360",11810
101,"STORY","Numbers","Unicatz Count to 20","PASS","https://go.kingdomlandkids.com/watch/9cf8562f-9214-4f34-8b64-4ac1e8aed89c?category=e6c7a3ea-823c-4c67-ba7f-52e9ae413d8f&from=home","","https://d394daiw0g5hmq.cloudfront.net/videos/hls/9cf8562f-9214-4f34-8b64-4ac1e8aed89c/master.m3u8","83s","640x360",12547
102,"STORY","Life Skills","MFT Colors of the Rainbow","PASS","https://go.kingdomlandkids.com/watch/daa4c238-2ffb-405c-9d13-ec27c1019158?category=ca990b10-a156-4731-83b9-b3b1115f87d9&from=home","","https://d394daiw0g5hmq.cloudfront.net/videos/hls/daa4c238-2ffb-405c-9d13-ec27c1019158/master.m3u8","165s","640x360",2497
103,"STORY","Life Skills","MFT Loopty Loo","PASS","https://go.kingdomlandkids.com/watch/03a156fb-9c97-499b-b862-bf0556dbdc64?category=ca990b10-a156-4731-83b9-b3b1115f87d9&from=home","","https://d394daiw0g5hmq.cloudfront.net/videos/hls/03a156fb-9c97-499b-b862-bf0556dbdc64/master.m3u8","200s","640x360",2067
104,"STORY","Life Skills","Mr. Prather Opposites","PASS","https://go.kingdomlandkids.com/watch/4780be1a-cf12-4208-889f-64ec142dab8f?category=ca990b10-a156-4731-83b9-b3b1115f87d9&from=home","","https://d394daiw0g5hmq.cloudfront.net/videos/hls/4780be1a-cf12-4208-889f-64ec142dab8f/master.m3u8","198s","640x360",2635
105,"STORY","Life Skills","Mr. Prather Days and Months","PASS","https://go.kingdomlandkids.com/watch/200efedf-c802-4fd8-ab28-faffbe5d4cc3?category=ca990b10-a156-4731-83b9-b3b1115f87d9&from=home","","https://d394daiw0g5hmq.cloudfront.net/videos/hls/200efedf-c802-4fd8-ab28-faffbe5d4cc3/master.m3u8","185s","640x360",2065
106,"STORY","Life Skills","Little Agent Three Amigas","PASS","https://go.kingdomlandkids.com/watch/16817712-d949-4279-871f-cb066723b50e?category=ca990b10-a156-4731-83b9-b3b1115f87d9&from=home","","https://d394daiw0g5hmq.cloudfront.net/videos/hls/16817712-d949-4279-871f-cb066723b50e/master.m3u8","118s","640x360",2785
107,"STORY","Life Skills","Little Agent Big Hair Blues","PASS","https://go.kingdomlandkids.com/watch/aee40747-e84a-4b21-ac94-2c9a4b2ff088?category=ca990b10-a156-4731-83b9-b3b1115f87d9&from=home","","https://d394daiw0g5hmq.cloudfront.net/videos/hls/aee40747-e84a-4b21-ac94-2c9a4b2ff088/master.m3u8","115s","640x360",2247
108,"STORY","Life Skills","Little Agent Candy Critters","PASS","https://go.kingdomlandkids.com/watch/1f732317-d240-4f49-bf56-2f70230d1c02?category=ca990b10-a156-4731-83b9-b3b1115f87d9&from=home","","https://d394daiw0g5hmq.cloudfront.net/videos/hls/1f732317-d240-4f49-bf56-2f70230d1c02/master.m3u8","138s","640x360",1985
109,"STORY","Life Skills","Little Agent Hippocampus","PASS","https://go.kingdomlandkids.com/watch/c8be5898-a105-4a08-8dec-ba566d96eac1?category=ca990b10-a156-4731-83b9-b3b1115f87d9&from=home","","https://d394daiw0g5hmq.cloudfront.net/videos/hls/c8be5898-a105-4a08-8dec-ba566d96eac1/master.m3u8","166s","640x360",2256
110,"STORY","Life Skills","Little Agent Hoverboard","PASS","https://go.kingdomlandkids.com/watch/bfb16737-dd22-43e9-bd73-4890964b3527?category=ca990b10-a156-4731-83b9-b3b1115f87d9&from=home","","https://d394daiw0g5hmq.cloudfront.net/videos/hls/bfb16737-dd22-43e9-bd73-4890964b3527/master.m3u8","93s","640x360",2774
111,"STORY","Life Skills","Little Agent Itchy Monster","PASS","https://go.kingdomlandkids.com/watch/11e1164b-d214-4c1d-8d96-c9430be49734?category=ca990b10-a156-4731-83b9-b3b1115f87d9&from=home","","https://d394daiw0g5hmq.cloudfront.net/videos/hls/11e1164b-d214-4c1d-8d96-c9430be49734/master.m3u8","120s","640x360",2755
112,"STORY","Life Skills","Fire Safety School Drills","PASS","https://go.kingdomlandkids.com/watch/02b7eba5-06ac-4543-81fd-a5691dee7340?category=ca990b10-a156-4731-83b9-b3b1115f87d9&from=home","","https://d394daiw0g5hmq.cloudfront.net/videos/hls/02b7eba5-06ac-4543-81fd-a5691dee7340/master.m3u8","230s","640x360",11756
113,"STORY","Life Skills","Unicatz Joy of Learning","PASS","https://go.kingdomlandkids.com/watch/56ab3fea-b6c9-430c-92c2-38bc52fcd51f?category=ca990b10-a156-4731-83b9-b3b1115f87d9&from=home","","https://d394daiw0g5hmq.cloudfront.net/videos/hls/56ab3fea-b6c9-430c-92c2-38bc52fcd51f/master.m3u8","85s","640x360",10025
114,"STORY","Life Skills","Little Agent Clothes Mountain","PASS","https://go.kingdomlandkids.com/watch/59a6f62f-b6c9-4f35-84fb-47ab941bffc9?category=ca990b10-a156-4731-83b9-b3b1115f87d9&from=home","","https://d394daiw0g5hmq.cloudfront.net/videos/hls/59a6f62f-b6c9-4f35-84fb-47ab941bffc9/master.m3u8","170s","640x360",12487
115,"STORY","Life Skills","Little Agent The Letter Twins","PASS","https://go.kingdomlandkids.com/watch/a8f1f906-9ced-4289-a7fe-1834f4385c36?category=ca990b10-a156-4731-83b9-b3b1115f87d9&from=home","","https://d394daiw0g5hmq.cloudfront.net/videos/hls/a8f1f906-9ced-4289-a7fe-1834f4385c36/master.m3u8","98s","640x360",9517
116,"STORY","Life Skills","Mental Health and God","PASS","https://go.kingdomlandkids.com/watch/5e4d922f-f256-453c-b524-ae29b659bbaf?category=ca990b10-a156-4731-83b9-b3b1115f87d9&from=home","","https://d394daiw0g5hmq.cloudfront.net/videos/hls/5e4d922f-f256-453c-b524-ae29b659bbaf/master.m3u8","212s","640x360",10282
117,"MUSIC","Sing-a-long","Down In My Heart","PASS","https://go.kingdomlandkids.com/watch/47d91fd5-22da-4c57-ae99-6dd4484c7381?category=4797c99b-5307-4475-83c8-5d2e5271e623&from=music","","https://d394daiw0g5hmq.cloudfront.net/videos/hls/47d91fd5-22da-4c57-ae99-6dd4484c7381/master.m3u8","128s","640x360",2290
118,"MUSIC","Sing-a-long","Ballin | Sing-a-long","PASS","https://go.kingdomlandkids.com/watch/6b31a1a1-2fb6-470e-9645-a93b4eaa4349?category=4797c99b-5307-4475-83c8-5d2e5271e623&from=music","","https://d394daiw0g5hmq.cloudfront.net/videos/hls/6b31a1a1-2fb6-470e-9645-a93b4eaa4349/master.m3u8","203s","640x360",2747
119,"MUSIC","Sing-a-long","Go Get It","PASS","https://go.kingdomlandkids.com/watch/15a864f7-716b-4e24-97ca-c21537bae9f3?category=4797c99b-5307-4475-83c8-5d2e5271e623&from=music","","https://d394daiw0g5hmq.cloudfront.net/videos/hls/15a864f7-716b-4e24-97ca-c21537bae9f3/master.m3u8","140s","640x360",3010
120,"MUSIC","Sing-a-long","Good Juju | Sing-a-long |","PASS","https://go.kingdomlandkids.com/watch/ace3209d-784d-47f4-b441-afa566228739?category=4797c99b-5307-4475-83c8-5d2e5271e623&from=music","","https://d394daiw0g5hmq.cloudfront.net/videos/hls/ace3209d-784d-47f4-b441-afa566228739/master.m3u8","144s","640x360",1978
121,"MUSIC","Sing-a-long","Good Vibes | Sing-a-long","PASS","https://go.kingdomlandkids.com/watch/e4dc36c7-978f-4994-9c72-9ef3ec9b772d?category=4797c99b-5307-4475-83c8-5d2e5271e623&from=music","","https://d394daiw0g5hmq.cloudfront.net/videos/hls/e4dc36c7-978f-4994-9c72-9ef3ec9b772d/master.m3u8","158s","640x360",3047
122,"MUSIC","Sing-a-long","Grandmama | Sing-a-long","PASS","https://go.kingdomlandkids.com/watch/6eebf6d0-36d0-4dcc-8a12-d72b84eb0e18?category=4797c99b-5307-4475-83c8-5d2e5271e623&from=music","","https://d394daiw0g5hmq.cloudfront.net/videos/hls/6eebf6d0-36d0-4dcc-8a12-d72b84eb0e18/master.m3u8","129s","640x360",2789
123,"MUSIC","Sing-a-long","Great | Sing-a-long","PASS","https://go.kingdomlandkids.com/watch/38a5371c-c8f3-4e32-823b-428f17025f3c?category=4797c99b-5307-4475-83c8-5d2e5271e623&from=music","","https://d394daiw0g5hmq.cloudfront.net/videos/hls/38a5371c-c8f3-4e32-823b-428f17025f3c/master.m3u8","216s","640x360",2221
124,"MUSIC","Sing-a-long","I want to See My Friends | Sing-a-long","PASS","https://go.kingdomlandkids.com/watch/811021ba-ef54-4de6-8dee-217be1a47b64?category=4797c99b-5307-4475-83c8-5d2e5271e623&from=music","","https://d394daiw0g5hmq.cloudfront.net/videos/hls/811021ba-ef54-4de6-8dee-217be1a47b64/master.m3u8","122s","640x360",3050
125,"MUSIC","Sing-a-long","Ice Cream Truck","PASS","https://go.kingdomlandkids.com/watch/cd00ba8a-4ace-440e-9e25-4e03d0160387?category=4797c99b-5307-4475-83c8-5d2e5271e623&from=music","","https://d394daiw0g5hmq.cloudfront.net/videos/hls/cd00ba8a-4ace-440e-9e25-4e03d0160387/master.m3u8","96s","640x360",2056
126,"MUSIC","Sing-a-long","I'm a Princess | Sing-a-long","PASS","https://go.kingdomlandkids.com/watch/9ec30bd4-0745-402c-9031-86fdf956c8b3?category=4797c99b-5307-4475-83c8-5d2e5271e623&from=music","","https://d394daiw0g5hmq.cloudfront.net/videos/hls/9ec30bd4-0745-402c-9031-86fdf956c8b3/master.m3u8","134s","640x360",2738
127,"MUSIC","Sing-a-long","Kids Just Want to Have Fun","PASS","https://go.kingdomlandkids.com/watch/f298f79f-d99f-41bb-9814-edc331bfe9ec?category=4797c99b-5307-4475-83c8-5d2e5271e623&from=music","","https://d394daiw0g5hmq.cloudfront.net/videos/hls/f298f79f-d99f-41bb-9814-edc331bfe9ec/master.m3u8","196s","640x360",2032
128,"MUSIC","Sing-a-long","Make it Out","PASS","https://go.kingdomlandkids.com/watch/d608de21-c7de-483e-b58f-314f3f91b105?category=4797c99b-5307-4475-83c8-5d2e5271e623&from=music","","https://d394daiw0g5hmq.cloudfront.net/videos/hls/d608de21-c7de-483e-b58f-314f3f91b105/master.m3u8","184s","640x360",3064
129,"MUSIC","Sing-a-long","Mr. Prather Days of the Week","PASS","https://go.kingdomlandkids.com/watch/36981665-54ff-40b6-af63-c6f3966ef8d8?category=4797c99b-5307-4475-83c8-5d2e5271e623&from=music","","https://d394daiw0g5hmq.cloudfront.net/videos/hls/36981665-54ff-40b6-af63-c6f3966ef8d8/master.m3u8","197s","640x360",2741
130,"MUSIC","Sing-a-long","Rain Rain Go Away","PASS","https://go.kingdomlandkids.com/watch/bf3d8981-2bdc-4fec-aabe-f1fe3b7a3820?category=4797c99b-5307-4475-83c8-5d2e5271e623&from=music","","https://d394daiw0g5hmq.cloudfront.net/videos/hls/bf3d8981-2bdc-4fec-aabe-f1fe3b7a3820/master.m3u8","147s","640x360",2009
131,"MUSIC","Sing-a-long","School time Litty","PASS","https://go.kingdomlandkids.com/watch/7ceaff00-c99a-4b58-9092-8ab1e7791f51?category=4797c99b-5307-4475-83c8-5d2e5271e623&from=music","","https://d394daiw0g5hmq.cloudfront.net/videos/hls/7ceaff00-c99a-4b58-9092-8ab1e7791f51/master.m3u8","105s","640x360",2318
132,"MUSIC","Sing-a-long","Sound it Out","PASS","https://go.kingdomlandkids.com/watch/ef960175-a650-4f5c-bec3-70fc2c4996ac?category=4797c99b-5307-4475-83c8-5d2e5271e623&from=music","","https://d394daiw0g5hmq.cloudfront.net/videos/hls/ef960175-a650-4f5c-bec3-70fc2c4996ac/master.m3u8","142s","640x360",2923
133,"MUSIC","Sing-a-long","Unicatz Cross the Road","PASS","https://go.kingdomlandkids.com/watch/d8b5b1d5-ea75-4691-a319-ef1ad8c6ecd0?category=4797c99b-5307-4475-83c8-5d2e5271e623&from=music","","https://d394daiw0g5hmq.cloudfront.net/videos/hls/d8b5b1d5-ea75-4691-a319-ef1ad8c6ecd0/master.m3u8","127s","640x360",2222
134,"MUSIC","Sing-a-long","Unicatz Pause Dance","PASS","https://go.kingdomlandkids.com/watch/4a9c9d00-18a2-4f89-8200-8611bd6e2a32?category=4797c99b-5307-4475-83c8-5d2e5271e623&from=music","","https://d394daiw0g5hmq.cloudfront.net/videos/hls/4a9c9d00-18a2-4f89-8200-8611bd6e2a32/master.m3u8","82s","640x360",2744
135,"MUSIC","Sing-a-long","Affirmation","PASS","https://go.kingdomlandkids.com/watch/9a9b17a4-90ce-409d-ac17-530484e83196?category=4797c99b-5307-4475-83c8-5d2e5271e623&from=music","","https://d394daiw0g5hmq.cloudfront.net/videos/hls/9a9b17a4-90ce-409d-ac17-530484e83196/master.m3u8","155s","640x360",2849
136,"MUSIC","Sing-a-long","Believe","PASS","https://go.kingdomlandkids.com/watch/56718b15-6dd1-4865-8f62-2c78c5232ade?category=4797c99b-5307-4475-83c8-5d2e5271e623&from=music","","https://d394daiw0g5hmq.cloudfront.net/videos/hls/56718b15-6dd1-4865-8f62-2c78c5232ade/master.m3u8","159s","640x360",2867
137,"MUSIC","Sing-a-long","Baby Shark","PASS","https://go.kingdomlandkids.com/watch/19ceb6fc-d588-40ef-90c5-9619a419b20d?category=4797c99b-5307-4475-83c8-5d2e5271e623&from=music","","https://d394daiw0g5hmq.cloudfront.net/videos/hls/19ceb6fc-d588-40ef-90c5-9619a419b20d/master.m3u8","157s","640x360",4418
138,"MUSIC","Sing-a-long","Basketball","PASS","https://go.kingdomlandkids.com/watch/7a7af214-a722-468d-9a7d-32596ef551bf?category=4797c99b-5307-4475-83c8-5d2e5271e623&from=music","","https://d394daiw0g5hmq.cloudfront.net/videos/hls/7a7af214-a722-468d-9a7d-32596ef551bf/master.m3u8","262s","640x360",5152
139,"MUSIC","Sing-a-long","Clap Your Hands","PASS","https://go.kingdomlandkids.com/watch/b595ec1a-b425-479e-8f54-b98d2155a681?category=4797c99b-5307-4475-83c8-5d2e5271e623&from=music","","https://d394daiw0g5hmq.cloudfront.net/videos/hls/b595ec1a-b425-479e-8f54-b98d2155a681/master.m3u8","168s","640x360",4793
140,"MUSIC","Sing-a-long","Ini Mini Miny Mo","PASS","https://go.kingdomlandkids.com/watch/005ab49b-8eaf-4ebb-89e6-831cdabb3a94?category=4797c99b-5307-4475-83c8-5d2e5271e623&from=music","","https://d394daiw0g5hmq.cloudfront.net/videos/hls/005ab49b-8eaf-4ebb-89e6-831cdabb3a94/master.m3u8","155s","640x360",4797
141,"MUSIC","Sing-a-long","Mary Had a Little Lamb","PASS","https://go.kingdomlandkids.com/watch/fde9313a-7641-4798-9eef-cb3bd082775e?category=4797c99b-5307-4475-83c8-5d2e5271e623&from=music","","https://d394daiw0g5hmq.cloudfront.net/videos/hls/fde9313a-7641-4798-9eef-cb3bd082775e/master.m3u8","108s","640x360",5134
142,"MUSIC","Sing-a-long","Row Your Boat","PASS","https://go.kingdomlandkids.com/watch/c37e431b-b298-4159-9190-6ad62e38ffaf?category=4797c99b-5307-4475-83c8-5d2e5271e623&from=music","","https://d394daiw0g5hmq.cloudfront.net/videos/hls/c37e431b-b298-4159-9190-6ad62e38ffaf/master.m3u8","96s","640x360",5228
143,"MUSIC","Sing-a-long","Wiggle","PASS","https://go.kingdomlandkids.com/watch/73608d01-5e69-402b-b984-7d0f6f6ab991?category=4797c99b-5307-4475-83c8-5d2e5271e623&from=music","","https://d394daiw0g5hmq.cloudfront.net/videos/hls/73608d01-5e69-402b-b984-7d0f6f6ab991/master.m3u8","149s","640x360",4818
144,"MUSIC","Sing-a-long","He Loves Me","PASS","https://go.kingdomlandkids.com/watch/522acb5d-ea56-4719-8912-3490956465a6?category=4797c99b-5307-4475-83c8-5d2e5271e623&from=music","","https://d394daiw0g5hmq.cloudfront.net/videos/hls/522acb5d-ea56-4719-8912-3490956465a6/master.m3u8","151s","640x360",4070
145,"MUSIC","Sing-a-long","Little Light","PASS","https://go.kingdomlandkids.com/watch/6651775f-92b1-4154-959f-7bc567d23f72?category=4797c99b-5307-4475-83c8-5d2e5271e623&from=music","","https://d394daiw0g5hmq.cloudfront.net/videos/hls/6651775f-92b1-4154-959f-7bc567d23f72/master.m3u8","143s","640x360",4797
146,"MUSIC","Sing-a-long","H3 Born to Be Wild","PASS","https://go.kingdomlandkids.com/watch/a67e0f96-6278-4684-a586-04a1a0d4a387?category=4797c99b-5307-4475-83c8-5d2e5271e623&from=music","","https://d394daiw0g5hmq.cloudfront.net/videos/hls/a67e0f96-6278-4684-a586-04a1a0d4a387/master.m3u8","168s","640x360",4606
147,"MUSIC","Sing-a-long","H3 Bubble Head","PASS","https://go.kingdomlandkids.com/watch/986b7f31-1651-49a1-844a-f425dd5d27cb?category=4797c99b-5307-4475-83c8-5d2e5271e623&from=music","","https://d394daiw0g5hmq.cloudfront.net/videos/hls/986b7f31-1651-49a1-844a-f425dd5d27cb/master.m3u8","125s","640x360",6640
148,"MUSIC","Sing-a-long","H3 Champion","PASS","https://go.kingdomlandkids.com/watch/ebbc4628-14fa-429d-9a57-a34837dc5c59?category=4797c99b-5307-4475-83c8-5d2e5271e623&from=music","","https://d394daiw0g5hmq.cloudfront.net/videos/hls/ebbc4628-14fa-429d-9a57-a34837dc5c59/master.m3u8","151s","640x360",6882
149,"MUSIC","Sing-a-long","H3 Focused And Ready To Learn","PASS","https://go.kingdomlandkids.com/watch/7dc61f58-c70a-43dd-a08d-c6c54685de1b?category=4797c99b-5307-4475-83c8-5d2e5271e623&from=music","","https://d394daiw0g5hmq.cloudfront.net/videos/hls/7dc61f58-c70a-43dd-a08d-c6c54685de1b/master.m3u8","157s","640x360",6673
150,"MUSIC","Sing-a-long","H3 Ring Around The Rosey","PASS","https://go.kingdomlandkids.com/watch/4c2d526f-5b6c-4a1e-bd4e-f4737acd37a3?category=4797c99b-5307-4475-83c8-5d2e5271e623&from=music","","https://d394daiw0g5hmq.cloudfront.net/videos/hls/4c2d526f-5b6c-4a1e-bd4e-f4737acd37a3/master.m3u8","178s","640x360",6632
151,"MUSIC","Sing-a-long","H3 Smile Kids","PASS","https://go.kingdomlandkids.com/watch/fb08a001-9fbd-4ab5-8731-4f272eb66779?category=4797c99b-5307-4475-83c8-5d2e5271e623&from=music","","https://d394daiw0g5hmq.cloudfront.net/videos/hls/fb08a001-9fbd-4ab5-8731-4f272eb66779/master.m3u8","189s","640x360",6873
152,"MUSIC","Sing-a-long","H3 Teacher","PASS","https://go.kingdomlandkids.com/watch/ae8329d3-a352-40d3-8504-849c451d1b6e?category=4797c99b-5307-4475-83c8-5d2e5271e623&from=music","","https://d394daiw0g5hmq.cloudfront.net/videos/hls/ae8329d3-a352-40d3-8504-849c451d1b6e/master.m3u8","125s","640x360",6897
153,"MUSIC","Sing-a-long","H3 Windshield","PASS","https://go.kingdomlandkids.com/watch/86d6a0a7-e639-4194-8806-c2ee81c56d6a?category=4797c99b-5307-4475-83c8-5d2e5271e623&from=music","","https://d394daiw0g5hmq.cloudfront.net/videos/hls/86d6a0a7-e639-4194-8806-c2ee81c56d6a/master.m3u8","176s","640x360",6662
154,"MUSIC","Sing-a-long","H3 Whoa Challenge","PASS","https://go.kingdomlandkids.com/watch/4a5fe7d4-f436-404f-9f50-1bb42130148c?category=4797c99b-5307-4475-83c8-5d2e5271e623&from=music","","https://d394daiw0g5hmq.cloudfront.net/videos/hls/4a5fe7d4-f436-404f-9f50-1bb42130148c/master.m3u8","128s","640x360",7112